{
  "blackswan": 0.903099954368454,
  "bmx-trees": 0.48357968800888596,
  "breakdance": 0.38091130880263024,
  "camel": 0.7251322385361726,
  "car-roundabout": 0.8887657013211703,
  "car-shadow": 0.9452786912154878,
  "cows": 0.8147105706146281,
  "dance-twirl": 0.4732566721697287,
  "dog": 0.7589277132406769,
  "drift-chicane": 0.0600041107699832,
  "drift-straight": 0.7794705207941398,
  "goat": 0.7658907256440135,
  "horsejump-high": 0.5101991709008654,
  "kite-surf": 0.3110832892186927,
  "libby": 0.6728134936586598,
  "motocross-jump": 0.28866510876946705,
  "paragliding-launch": 0.3071531139787377,
  "parkour": 0.8579611363085408,
  "scooter-black": 0.8030976487182276,
  "soapbox": 0.8470289956853326,
  "t mIoU": 0.6288514926362248
}