{
  "blackswan": 0.8869221019789849,
  "bmx-trees": 0.42820615217282726,
  "breakdance": 0.14420870256055446,
  "camel": 0.7162876925770431,
  "car-roundabout": 0.952522478710016,
  "car-shadow": 0.9404514998594206,
  "cows": 0.8729945992561198,
  "dance-twirl": 0.47366533736065797,
  "dog": 0.8524176787525889,
  "drift-chicane": 0.04123987542832831,
  "drift-straight": 0.7783857541580964,
  "goat": 0.7550934690527501,
  "horsejump-high": 0.4228718626512802,
  "kite-surf": 0.47741822693269725,
  "libby": 0.568519826811447,
  "motocross-jump": 0.1734474826199793,
  "paragliding-launch": 0.6056148561576048,
  "parkour": 0.8078381343792473,
  "scooter-black": 0.8092707904203628,
  "soapbox": 0.8331288205826217,
  "t mIoU": 0.6270252671211314
}