{
  "blackswan": 0.6085951207393421,
  "bmx-trees": 0.16690651538495502,
  "breakdance": 0.03181488560249873,
  "camel": 0.6268583078855465,
  "car-roundabout": 0.71687572728801,
  "car-shadow": 0.7413337831112814,
  "cows": 0.7691009784650779,
  "dance-twirl": 0.41663309943475096,
  "dog": 0.7879248556277114,
  "drift-chicane": 0.01942294359212379,
  "drift-straight": 0.09890186875247764,
  "goat": 0.6031605440151211,
  "horsejump-high": 0.23515273541747075,
  "kite-surf": 0.46123225288992864,
  "libby": 0.2799997939252348,
  "motocross-jump": 0.6707246899557499,
  "paragliding-launch": 0.5945231780457932,
  "parkour": 0.43427529847477453,
  "scooter-black": 0.6460595118252388,
  "soapbox": 0.669373859065636,
  "t mIoU": 0.4789434974749362
}