{
  "blackswan": 0.9066246030080817,
  "bmx-trees": 0.4474231448658146,
  "breakdance": 0.3913444554341113,
  "camel": 0.8728501903273869,
  "car-roundabout": 0.9458868572919447,
  "car-shadow": 0.9443984431934176,
  "cows": 0.8644937250067547,
  "dance-twirl": 0.7744056992968013,
  "dog": 0.8800814433089159,
  "drift-chicane": 0.48238181359059745,
  "drift-straight": 0.9121370282920066,
  "goat": 0.762028906132238,
  "horsejump-high": 0.7383379800682854,
  "kite-surf": 0.48600194071763847,
  "libby": 0.5678610631601401,
  "motocross-jump": 0.7685617789592168,
  "paragliding-launch": 0.6022905432148342,
  "parkour": 0.8725797178346072,
  "scooter-black": 0.8084748165836888,
  "soapbox": 0.8395281233185237,
  "t mIoU": 0.7433846136802503
}