{
  "blackswan": 0.5796359982937249,
  "bmx-trees": 0.40383494580606366,
  "breakdance": 0.36344550319164276,
  "camel": 0.4875544709124647,
  "car-roundabout": 0.48274866622596496,
  "car-shadow": 0.5040322232134602,
  "cows": 0.40515915355967685,
  "dance-twirl": 0.23349970156308217,
  "dog": 0.47338168733353997,
  "drift-chicane": 0.004400800006413005,
  "drift-straight": 0.37560243356928397,
  "goat": 0.37115145746605976,
  "horsejump-high": 0.34541921783233076,
  "kite-surf": 0.32097324132305205,
  "libby": 0.251740744347765,
  "motocross-jump": 0.2877239361920991,
  "paragliding-launch": 0.42324240496973575,
  "parkour": 0.529624682891351,
  "scooter-black": 0.323632933384694,
  "soapbox": 0.2647357137356966,
  "t mIoU": 0.371576995790905
}