{
  "blackswan": 0.8713345949735909,
  "bmx-trees": 0.4224416870138068,
  "breakdance": 0.4495586410579027,
  "camel": 0.7254577433054912,
  "car-roundabout": 0.898901365523995,
  "car-shadow": 0.9104055806237815,
  "cows": 0.7742277568278042,
  "dance-twirl": 0.7107539264336167,
  "dog": 0.88337574416651,
  "drift-chicane": 0.037599457287468135,
  "drift-straight": 0.8506745682503252,
  "goat": 0.7673363058040291,
  "horsejump-high": 0.6147366070104316,
  "kite-surf": 0.49126229155506906,
  "libby": 0.6297908637529424,
  "motocross-jump": 0.7648417492241102,
  "paragliding-launch": 0.6044657729537197,
  "parkour": 0.8304603213348417,
  "scooter-black": 0.795400955836272,
  "soapbox": 0.8220067770793651,
  "t mIoU": 0.6927516355007537
}